id;login;full_name;role;specialty;grade;brigade_id;shift;on_shift;is_active;external_id;created_at
1;admin;Администратор Системы;admin;;;;;False;True;TAB-101;2026-10-05 09:51:32.096888
2;boss;Есенов Талгат Амангельдиевич;boss;;;;;False;True;TAB-102;2026-10-05 09:51:32.096899
3;master1;Ковалёв Андрей Петрович;master;;;;day;False;True;TAB-103;2026-10-05 09:51:32.096901
4;master2;Сарсенбаев Канат Жумабекович;master;;;;night;False;True;TAB-104;2026-10-05 09:51:32.096903
5;akhmetov;Ахметов Ерлан Каиртаевич;worker;слесарь-ремонтник;6.0;1.0;day;True;True;TAB-105;2026-10-05 09:51:32.096905
6;kovalchuk;Ковальчук Сергей Иванович;worker;слесарь-ремонтник;5.0;1.0;day;True;True;TAB-106;2026-10-05 09:51:32.096906
7;melnikov;Мельников Игорь Николаевич;worker;слесарь-ремонтник;4.0;1.0;night;False;True;TAB-107;2026-10-05 09:51:32.096908
8;ismailov;Исмаилов Даурен Маратович;worker;слесарь-ремонтник;5.0;1.0;night;False;True;TAB-108;2026-10-05 09:51:32.096909
9;sidorenko;Сидоренко Алексей Викторович;worker;электрогазосварщик;5.0;1.0;day;True;True;TAB-109;2026-10-05 09:51:32.096911
10;baizhanov;Байжанов Арман Болатович;worker;слесарь-ремонтник;5.0;2.0;day;True;True;TAB-110;2026-10-05 09:51:32.096912
11;tarasov;Тарасов Денис Андреевич;worker;слесарь-ремонтник;4.0;2.0;night;False;True;TAB-111;2026-10-05 09:51:32.096913
12;seitkaziev;Сейтказиев Мейрам Ержанович;worker;слесарь-ремонтник;5.0;2.0;day;True;True;TAB-112;2026-10-05 09:51:32.096915
13;nurpeisov;Нурпеисов Асхат Кайратович;worker;электромонтёр;5.0;2.0;day;False;True;TAB-113;2026-10-05 09:51:32.096916
14;kim;Ким Владимир Эдуардович;worker;электромонтёр;6.0;2.0;night;False;True;TAB-114;2026-10-05 09:51:32.096917
15;abenov;Абенов Бауыржан Талгатович;worker;электромонтёр;5.0;3.0;day;True;True;TAB-115;2026-10-05 09:51:32.096919
16;goncharenko;Гончаренко Роман Павлович;worker;электромонтёр;4.0;3.0;night;False;True;TAB-116;2026-10-05 09:51:32.096920
17;omarov;Омаров Ержан Сабитович;worker;электромонтёр;5.0;3.0;day;True;True;TAB-117;2026-10-05 09:51:32.096922
18;lysenko;Лысенко Андрей Михайлович;worker;электрогазосварщик;4.0;3.0;night;False;True;TAB-118;2026-10-05 09:51:32.096923
19;zhaksybekov;Жаксыбеков Нурлан Серикович;worker;электромонтёр;4.0;3.0;night;False;True;TAB-119;2026-10-05 09:51:32.096924
