id;name;inv_number;section_id;type;criticality;qr_code;external_id
1;Дробилка КМД-1750;ДР-001;1;Дробилка конусная;A;NA-ДР-001;EQ-001
2;Дробилка ККД-1500;ДР-002;1;Дробилка конусная;A;NA-ДР-002;EQ-002
3;Дробилка КСД-2200;ДР-003;1;Дробилка конусная;A;NA-ДР-003;EQ-003
4;Питатель пластинчатый ПП-2-12;ДР-004;1;Питатель;B;NA-ДР-004;EQ-004
5;Грохот ГИТ-71;ДР-005;1;Грохот;B;NA-ДР-005;EQ-005
6;Маслостанция дробилки НМШ-5;ДР-006;1;Маслостанция;B;NA-ДР-006;EQ-006
7;Железоотделитель ЭП-120;ДР-007;1;Железоотделитель;C;NA-ДР-007;EQ-007
8;Мельница шаровая МШЦ-3600×5500;ОБ-001;2;Мельница;A;NA-ОБ-001;EQ-008
9;Мельница шаровая МШЦ-4500×6000;ОБ-002;2;Мельница;A;NA-ОБ-002;EQ-009
10;Сепаратор магнитный ПБМ-120/300;ОБ-003;2;Сепаратор;B;NA-ОБ-003;EQ-010
11;Сепаратор магнитный ПБМ-150/200;ОБ-004;2;Сепаратор;B;NA-ОБ-004;EQ-011
12;Гидроциклон ГЦ-710;ОБ-005;2;Гидроциклон;B;NA-ОБ-005;EQ-012
13;Насос шламовый ГрАТ-1400;ОБ-006;2;Насос;A;NA-ОБ-006;EQ-013
14;Насос гидравлический Н-7;ОБ-007;2;Насос;A;NA-ОБ-007;EQ-014
15;Фильтр дисковый ДУ-100;ОБ-008;2;Фильтр;B;NA-ОБ-008;EQ-015
16;Конвейер К-1;КТ-001;3;Конвейер ленточный;A;NA-КТ-001;EQ-016
17;Конвейер К-2;КТ-002;3;Конвейер ленточный;A;NA-КТ-002;EQ-017
18;Конвейер К-3;КТ-003;3;Конвейер ленточный;A;NA-КТ-003;EQ-018
19;Конвейер К-4;КТ-004;3;Конвейер ленточный;B;NA-КТ-004;EQ-019
20;Конвейер наклонный К-5;КТ-005;3;Конвейер ленточный;B;NA-КТ-005;EQ-020
21;Перегрузочный узел ПУ-1;КТ-006;3;Перегрузочный узел;C;NA-КТ-006;EQ-021
22;Станок токарный 1М63;РМ-001;4;Станок;C;NA-РМ-001;EQ-022
23;Станок фрезерный 6Р82;РМ-002;4;Станок;C;NA-РМ-002;EQ-023
24;Кран мостовой 10 т;РМ-003;4;Кран;B;NA-РМ-003;EQ-024
25;Компрессор ВВ-0,8/8;РМ-004;4;Компрессор;B;NA-РМ-004;EQ-025
