id;code;category;name;external_id
1;М-01;М;Износ футеровки и рабочих органов;FC-М-01
2;М-02;М;Разрушение подшипникового узла;FC-М-02
3;М-03;М;Порыв или сход ленты конвейера;FC-М-03
4;М-04;М;Износ зубчатой передачи редуктора;FC-М-04
5;М-05;М;Трещина металлоконструкции;FC-М-05
6;М-06;М;Ослабление крепежа, повышенная вибрация;FC-М-06
7;Э-01;Э;Отказ электродвигателя;FC-Э-01
8;Э-02;Э;Неисправность пускорегулирующей аппаратуры;FC-Э-02
9;Э-03;Э;Повреждение кабеля;FC-Э-03
10;Э-04;Э;Срабатывание защиты, короткое замыкание;FC-Э-04
11;Э-05;Э;Отказ датчика КИПиА;FC-Э-05
12;Г-01;Г;Отказ гидронасоса;FC-Г-01
13;Г-02;Г;Течь гидравлической системы;FC-Г-02
14;Г-03;Г;Загрязнение гидравлического масла;FC-Г-03
15;П-01;П;Утечка сжатого воздуха;FC-П-01
16;П-02;П;Отказ пневмоцилиндра;FC-П-02
17;П-03;П;Неисправность пневмораспределителя;FC-П-03
18;С-01;С;Отказ системы централизованной смазки;FC-С-01
19;С-02;С;Недостаток смазки узла;FC-С-02
20;С-03;С;Замена масла в редукторе;FC-С-03
