id;order_id;material_id;quantity;unit
1;1;6;1.1;кг
2;1;7;0.7;кг
3;2;27;7.0;шт
4;2;26;5.0;шт
5;3;25;8.0;шт
6;3;26;8.0;шт
7;3;6;1.0;кг
8;4;11;2.0;шт
9;4;35;2.0;шт
10;4;34;1.0;шт
11;5;29;17.6;м
12;5;35;4.0;шт
13;5;34;2.0;шт
14;6;25;7.0;шт
15;6;26;8.0;шт
16;6;6;0.6;кг
17;7;11;4.0;шт
18;7;35;3.0;шт
19;7;34;1.0;шт
20;8;9;1.0;шт
21;8;6;0.7;кг
22;8;15;1.0;шт
23;9;3;9.8;л
24;9;10;2.0;шт
25;9;18;0.6;кг
26;10;11;2.0;шт
27;10;35;3.0;шт
28;10;34;1.0;шт
29;11;6;0.5;кг
30;11;7;0.3;кг
31;12;6;0.4;кг
32;12;7;0.3;кг
33;13;31;1.0;шт
34;13;30;1.0;шт
35;14;3;12.6;л
36;14;10;2.0;шт
37;14;18;0.3;кг
38;15;9;1.0;шт
39;15;6;0.8;кг
40;15;15;1.0;шт
41;16;4;16.2;л
42;16;20;1.0;шт
43;16;16;5.0;шт
44;17;3;11.2;л
45;17;10;2.0;шт
46;17;18;0.3;кг
47;18;6;0.5;кг
48;18;7;0.3;кг
49;19;6;0.5;кг
50;19;7;0.3;кг
51;20;6;1.0;кг
52;20;7;0.7;кг
53;22;32;2.0;шт
54;22;28;5.9;м
55;23;11;2.0;шт
56;23;35;3.0;шт
57;23;34;1.0;шт
58;24;3;14.1;л
59;24;10;2.0;шт
60;24;18;0.3;кг
61;25;11;2.0;шт
62;25;35;2.0;шт
63;25;34;1.0;шт
64;26;6;0.4;кг
65;26;7;0.4;кг
66;27;36;1.7;кг
67;27;37;14.7;кг
68;28;27;7.0;шт
69;28;26;4.0;шт
70;30;27;5.0;шт
71;30;26;4.0;шт
72;31;6;3.7;кг
73;31;2;5.8;л
74;32;6;0.5;кг
75;32;7;0.3;кг
76;33;6;1.1;кг
77;33;7;0.6;кг
78;34;38;1.0;шт
79;34;39;2.0;шт
80;35;9;1.0;шт
81;35;6;0.9;кг
82;35;15;1.0;шт
83;36;31;1.0;шт
84;36;30;1.0;шт
85;37;6;0.5;кг
86;37;7;0.3;кг
87;38;25;8.0;шт
88;38;26;9.0;шт
89;38;6;0.4;кг
90;39;21;6.5;м
91;39;23;2.1;кг
92;39;22;2.0;шт
93;40;29;14.8;м
94;40;35;4.0;шт
95;40;34;2.0;шт
96;41;9;1.0;шт
97;41;6;0.8;кг
98;41;15;1.0;шт
99;42;6;1.2;кг
100;42;7;0.7;кг
101;43;25;7.0;шт
102;43;26;9.0;шт
103;43;6;1.2;кг
104;44;9;1.0;шт
105;44;6;0.9;кг
106;44;15;1.0;шт
107;46;6;0.4;кг
108;46;7;0.3;кг
109;47;6;0.5;кг
110;47;7;0.3;кг
111;48;25;8.0;шт
112;48;26;7.0;шт
113;48;6;0.5;кг
114;49;11;2.0;шт
115;49;35;3.0;шт
116;49;34;1.0;шт
117;50;9;1.0;шт
118;50;6;0.9;кг
119;50;15;1.0;шт
120;51;6;0.6;кг
121;51;7;0.3;кг
122;52;36;2.2;кг
123;52;37;14.3;кг
124;55;11;2.0;шт
125;55;35;3.0;шт
126;55;34;1.0;шт
127;56;11;2.0;шт
128;56;35;3.0;шт
129;56;34;1.0;шт
130;57;32;3.0;шт
131;57;28;5.4;м
132;58;27;5.0;шт
133;58;26;5.0;шт
134;59;36;1.9;кг
135;59;37;15.8;кг
136;60;9;1.0;шт
137;60;6;0.8;кг
138;60;15;1.0;шт
139;61;6;0.6;кг
140;61;7;0.3;кг
141;62;6;1.0;кг
142;62;7;0.6;кг
143;63;11;2.0;шт
144;63;35;3.0;шт
145;63;34;1.0;шт
146;64;6;2.3;кг
147;64;2;5.0;л
148;65;27;5.0;шт
149;65;26;4.0;шт
150;66;6;0.4;кг
151;66;7;0.3;кг
152;67;6;0.6;кг
153;67;7;0.3;кг
154;69;3;12.9;л
155;69;10;2.0;шт
156;69;18;0.3;кг
157;70;1;1.7;л
158;70;14;1.0;шт
159;70;19;1.0;шт
160;71;11;2.0;шт
161;71;35;3.0;шт
162;71;34;1.0;шт
163;72;39;3.0;шт
164;72;16;2.0;шт
165;73;9;1.0;шт
166;73;6;0.8;кг
167;73;15;1.0;шт
168;74;6;0.5;кг
169;74;7;0.2;кг
170;75;4;19.0;л
171;75;20;1.0;шт
172;75;16;4.0;шт
173;76;9;1.0;шт
174;76;6;0.8;кг
175;76;15;1.0;шт
176;77;6;2.0;кг
177;77;2;9.1;л
178;78;6;0.4;кг
179;78;7;0.3;кг
180;79;1;3.6;л
181;79;14;1.0;шт
182;79;19;1.0;шт
183;80;27;7.0;шт
184;80;26;3.0;шт
185;81;38;1.0;шт
186;81;39;2.0;шт
187;82;6;0.4;кг
188;82;7;0.3;кг
189;83;29;12.6;м
190;83;35;5.0;шт
191;83;34;4.0;шт
192;84;9;1.0;шт
193;84;6;0.7;кг
194;84;15;1.0;шт
195;85;25;8.0;шт
196;85;26;9.0;шт
197;85;6;0.8;кг
198;86;6;0.4;кг
199;86;7;0.2;кг
200;87;9;1.0;шт
201;87;6;1.7;кг
202;87;15;1.0;шт
203;88;1;1.8;л
204;88;14;1.0;шт
205;88;19;1.0;шт
206;89;9;1.0;шт
207;89;6;0.7;кг
208;89;15;1.0;шт
209;90;31;1.0;шт
210;90;30;2.0;шт
211;91;6;1.1;кг
212;91;7;0.7;кг
213;92;9;1.0;шт
214;92;6;0.9;кг
215;92;15;1.0;шт
216;93;3;11.7;л
217;93;10;2.0;шт
218;93;18;0.3;кг
219;94;6;0.5;кг
220;94;7;0.3;кг
221;95;6;0.6;кг
222;95;7;0.4;кг
223;96;6;0.5;кг
224;96;7;0.3;кг
225;99;27;6.0;шт
226;99;26;3.0;шт
227;100;31;1.0;шт
228;100;30;1.0;шт
229;101;4;35.2;л
230;101;20;2.0;шт
231;102;32;3.0;шт
232;102;28;5.3;м
233;103;4;19.1;л
234;103;20;1.0;шт
235;103;16;4.0;шт
236;104;21;6.8;м
237;104;23;2.2;кг
238;104;22;2.0;шт
239;105;6;0.5;кг
240;105;7;0.3;кг
241;106;6;1.1;кг
242;106;7;0.7;кг
243;107;6;0.4;кг
244;107;7;0.3;кг
245;108;9;1.0;шт
246;108;6;0.8;кг
247;108;15;2.0;шт
248;109;11;2.0;шт
249;109;35;5.0;шт
250;109;34;1.0;шт
251;110;31;1.0;шт
252;110;30;1.0;шт
253;111;11;2.0;шт
254;111;35;5.0;шт
255;111;34;1.0;шт
256;112;3;22.3;л
257;112;10;2.0;шт
258;112;18;0.3;кг
259;113;9;1.0;шт
260;113;6;1.4;кг
261;113;15;1.0;шт
262;114;6;0.8;кг
263;114;7;0.3;кг
264;115;9;1.0;шт
265;115;6;0.8;кг
266;115;15;1.0;шт
267;116;6;0.5;кг
268;116;7;0.3;кг
269;117;9;1.0;шт
270;117;6;0.9;кг
271;117;15;1.0;шт
272;118;6;2.2;кг
273;118;2;5.9;л
274;119;21;6.7;м
275;119;23;1.8;кг
276;119;22;2.0;шт
277;120;6;2.2;кг
278;120;2;4.1;л
279;121;6;0.5;кг
280;121;7;0.3;кг
281;122;6;1.2;кг
282;122;7;0.7;кг
283;123;6;0.5;кг
284;123;7;0.3;кг
285;125;4;16.3;л
286;125;20;1.0;шт
287;125;16;5.0;шт
288;126;27;6.0;шт
289;126;26;4.0;шт
290;127;3;13.0;л
291;127;10;2.0;шт
292;127;18;0.3;кг
293;128;25;7.0;шт
294;128;26;9.0;шт
295;128;6;0.5;кг
296;129;6;1.0;кг
297;129;7;0.7;кг
298;130;6;0.5;кг
299;130;7;0.3;кг
300;131;29;16.7;м
301;131;35;4.0;шт
302;131;34;2.0;шт
303;132;6;0.5;кг
304;132;7;0.3;кг
305;133;11;2.0;шт
306;133;35;4.0;шт
307;133;34;1.0;шт
308;134;6;0.9;кг
309;134;7;0.2;кг
310;135;11;2.0;шт
311;135;35;3.0;шт
312;135;34;1.0;шт
313;136;9;1.0;шт
314;136;6;0.6;кг
315;136;15;1.0;шт
316;137;38;1.0;шт
317;137;39;2.0;шт
318;138;21;5.3;м
319;138;23;2.1;кг
320;138;22;2.0;шт
321;139;36;1.7;кг
322;139;37;13.2;кг
323;140;6;2.3;кг
324;140;2;5.7;л
325;141;3;14.3;л
326;141;10;2.0;шт
327;141;18;0.3;кг
328;142;6;0.5;кг
329;142;7;0.3;кг
330;143;6;0.8;кг
331;143;7;0.3;кг
332;145;1;1.3;л
333;145;14;1.0;шт
334;145;19;1.0;шт
335;146;27;10.0;шт
336;146;26;4.0;шт
337;147;6;0.5;кг
338;147;7;0.3;кг
339;148;21;7.0;м
340;148;23;1.8;кг
341;148;22;2.0;шт
342;150;3;10.5;л
343;150;10;2.0;шт
344;150;18;0.3;кг
345;151;38;1.0;шт
346;151;39;2.0;шт
347;152;9;1.0;шт
348;152;6;0.9;кг
349;152;15;1.0;шт
350;153;39;3.0;шт
351;153;16;2.0;шт
352;154;4;26.9;л
353;154;20;4.0;шт
354;155;4;20.0;л
355;155;20;1.0;шт
356;155;16;4.0;шт
357;156;27;5.0;шт
358;156;26;4.0;шт
359;157;25;9.0;шт
360;157;26;8.0;шт
361;157;6;0.6;кг
362;158;6;0.5;кг
363;158;7;0.3;кг
364;159;1;1.5;л
365;159;14;1.0;шт
366;159;19;1.0;шт
367;160;11;2.0;шт
368;160;35;3.0;шт
369;160;34;1.0;шт
370;161;6;0.5;кг
371;161;7;0.5;кг
372;162;9;1.0;шт
373;162;6;1.7;кг
374;162;15;1.0;шт
375;163;1;2.4;л
376;163;14;1.0;шт
377;163;19;1.0;шт
378;164;11;2.0;шт
379;164;35;3.0;шт
380;164;34;1.0;шт
381;165;11;2.0;шт
382;165;35;3.0;шт
383;165;34;1.0;шт
384;166;6;1.2;кг
385;166;7;0.7;кг
386;168;11;2.0;шт
387;168;35;2.0;шт
388;168;34;1.0;шт
389;169;39;6.0;шт
390;169;16;2.0;шт
391;170;6;0.5;кг
392;170;7;0.2;кг
393;171;6;1.0;кг
394;171;7;0.4;кг
395;172;6;0.4;кг
396;172;7;0.3;кг
397;173;9;1.0;шт
398;173;6;0.9;кг
399;173;15;1.0;шт
400;174;39;3.0;шт
401;174;16;2.0;шт
402;175;21;6.5;м
403;175;23;2.3;кг
404;175;22;4.0;шт
405;176;6;1.1;кг
406;176;7;0.6;кг
407;177;1;1.3;л
408;177;14;1.0;шт
409;177;19;1.0;шт
410;178;25;7.0;шт
411;178;26;9.0;шт
412;178;6;0.4;кг
413;179;31;1.0;шт
414;179;30;1.0;шт
415;180;21;5.0;м
416;180;23;1.7;кг
417;180;22;3.0;шт
418;181;6;0.5;кг
419;181;7;0.3;кг
420;182;11;2.0;шт
421;182;35;3.0;шт
422;182;34;1.0;шт
423;183;3;9.4;л
424;183;18;0.2;кг
425;184;9;1.0;шт
426;184;6;0.9;кг
427;184;15;1.0;шт
428;185;25;9.0;шт
429;185;26;9.0;шт
430;185;6;0.5;кг
431;186;11;2.0;шт
432;186;35;3.0;шт
433;186;34;1.0;шт
434;187;3;12.8;л
435;187;10;2.0;шт
436;187;18;0.3;кг
437;188;27;7.0;шт
438;188;26;3.0;шт
439;189;4;34.3;л
440;189;20;2.0;шт
441;190;6;0.4;кг
442;190;7;0.3;кг
443;191;6;0.5;кг
444;191;7;0.3;кг
445;192;6;1.0;кг
446;192;7;0.7;кг
447;194;32;3.0;шт
448;194;28;4.0;м
449;195;27;10.0;шт
450;195;26;4.0;шт
451;196;11;2.0;шт
452;196;35;3.0;шт
453;196;34;1.0;шт
454;197;1;1.3;л
455;197;14;1.0;шт
456;197;19;1.0;шт
457;198;38;1.0;шт
458;198;39;2.0;шт
459;199;21;6.8;м
460;199;23;1.7;кг
461;199;22;4.0;шт
462;200;6;0.5;кг
463;200;7;0.4;кг
464;201;27;6.0;шт
465;201;26;4.0;шт
466;202;11;2.0;шт
467;202;35;3.0;шт
468;202;34;1.0;шт
469;203;32;3.0;шт
470;203;28;4.6;м
471;205;32;3.0;шт
472;205;28;9.3;м
473;206;9;1.0;шт
474;206;6;1.4;кг
475;206;15;1.0;шт
476;207;9;1.0;шт
477;207;6;0.9;кг
478;207;15;1.0;шт
479;208;6;0.5;кг
480;208;7;0.3;кг
481;209;6;0.5;кг
482;209;7;0.3;кг
483;210;11;2.0;шт
484;210;35;3.0;шт
485;210;34;1.0;шт
486;211;1;1.3;л
487;211;14;1.0;шт
488;211;19;1.0;шт
489;212;27;6.0;шт
490;212;26;5.0;шт
491;213;9;1.0;шт
492;213;6;0.7;кг
493;213;15;2.0;шт
494;214;11;2.0;шт
495;214;35;2.0;шт
496;214;34;1.0;шт
497;215;1;2.7;л
498;215;14;1.0;шт
499;215;19;1.0;шт
500;216;6;0.5;кг
501;216;7;0.3;кг
502;217;21;4.8;м
503;217;23;2.2;кг
504;217;22;2.0;шт
505;218;11;2.0;шт
506;218;35;2.0;шт
507;218;34;1.0;шт
508;219;11;2.0;шт
509;219;35;3.0;шт
510;219;34;1.0;шт
511;220;6;0.5;кг
512;220;7;0.3;кг
513;221;6;0.5;кг
514;221;7;0.3;кг
515;222;29;13.2;м
516;222;35;4.0;шт
517;222;34;2.0;шт
518;223;3;10.3;л
519;223;10;2.0;шт
520;223;18;0.2;кг
521;224;9;1.0;шт
522;224;6;0.9;кг
523;224;15;1.0;шт
524;225;31;1.0;шт
525;225;30;1.0;шт
526;226;6;1.0;кг
527;226;7;0.6;кг
528;227;6;0.8;кг
529;227;7;0.4;кг
530;228;1;3.5;л
531;228;14;1.0;шт
532;228;19;2.0;шт
533;229;6;0.5;кг
534;229;7;0.3;кг
535;232;25;9.0;шт
536;232;26;8.0;шт
537;232;6;0.4;кг
538;233;27;5.0;шт
539;233;26;4.0;шт
540;234;33;1.0;шт
541;234;28;3.3;м
542;235;6;0.5;кг
543;235;7;0.3;кг
544;236;6;0.6;кг
545;236;7;0.3;кг
546;237;6;1.2;кг
547;237;7;0.7;кг
548;238;6;0.5;кг
549;238;7;0.3;кг
550;239;25;8.0;шт
551;239;26;9.0;шт
552;239;6;0.5;кг
553;240;31;1.0;шт
554;240;30;1.0;шт
555;241;6;0.6;кг
556;241;7;0.3;кг
557;242;21;7.0;м
558;242;23;1.9;кг
559;242;22;2.0;шт
560;243;9;1.0;шт
561;243;6;1.5;кг
562;243;15;1.0;шт
563;244;6;0.6;кг
564;244;7;0.3;кг
565;245;9;1.0;шт
566;245;6;1.0;кг
567;245;15;1.0;шт
568;246;9;1.0;шт
569;246;6;0.8;кг
570;246;15;1.0;шт
571;247;1;1.4;л
572;247;14;1.0;шт
573;247;19;1.0;шт
574;248;6;1.2;кг
575;248;7;0.6;кг
576;249;6;0.5;кг
577;249;7;0.3;кг
578;250;6;0.5;кг
579;250;7;0.3;кг
580;251;6;0.6;кг
581;251;7;0.2;кг
582;253;3;12.5;л
583;253;10;2.0;шт
584;253;18;0.3;кг
585;254;1;1.4;л
586;254;14;1.0;шт
587;254;19;1.0;шт
588;255;4;32.5;л
589;255;20;2.0;шт
590;256;25;15.0;шт
591;256;26;7.0;шт
592;256;6;0.4;кг
593;257;6;0.5;кг
594;257;7;0.3;кг
595;258;6;0.5;кг
596;258;7;0.3;кг
597;259;6;0.5;кг
598;259;7;0.4;кг
599;260;11;2.0;шт
600;260;35;3.0;шт
601;260;34;1.0;шт
602;261;6;3.9;кг
603;261;2;5.3;л
604;262;3;12.1;л
605;262;10;2.0;шт
606;262;18;0.3;кг
607;263;6;0.5;кг
608;263;7;0.3;кг
609;264;6;0.4;кг
610;264;7;0.3;кг
611;265;11;2.0;шт
612;265;35;3.0;шт
613;265;34;1.0;шт
614;266;6;1.1;кг
615;266;7;0.6;кг
616;267;3;13.6;л
617;267;10;2.0;шт
618;267;18;0.3;кг
619;268;27;7.0;шт
620;268;26;4.0;шт
621;269;11;2.0;шт
622;269;35;3.0;шт
623;269;34;1.0;шт
624;270;6;0.5;кг
625;270;7;0.3;кг
626;271;11;2.0;шт
627;271;35;3.0;шт
628;271;34;1.0;шт
629;272;27;6.0;шт
630;272;26;3.0;шт
631;273;11;2.0;шт
632;273;35;3.0;шт
633;273;34;1.0;шт
634;274;9;1.0;шт
635;274;6;0.7;кг
636;274;15;1.0;шт
637;275;25;8.0;шт
638;275;26;9.0;шт
639;275;6;0.6;кг
640;276;6;0.4;кг
641;276;7;0.3;кг
642;277;9;1.0;шт
643;277;6;0.9;кг
644;277;15;1.0;шт
645;278;32;3.0;шт
646;278;28;5.0;м
647;279;31;1.0;шт
648;279;30;1.0;шт
649;280;9;1.0;шт
650;280;6;0.9;кг
651;280;15;1.0;шт
652;281;6;1.1;кг
653;281;7;0.6;кг
654;282;33;2.0;шт
655;282;28;3.4;м
656;283;31;1.0;шт
657;283;30;1.0;шт
658;284;9;1.0;шт
659;284;6;0.7;кг
660;284;15;1.0;шт
661;285;9;1.0;шт
662;285;6;0.9;кг
663;285;15;1.0;шт
664;286;4;70.6;л
665;286;20;2.0;шт
666;287;1;1.8;л
667;287;14;1.0;шт
668;287;19;1.0;шт
669;288;21;6.7;м
670;288;23;1.9;кг
671;288;22;2.0;шт
672;289;27;6.0;шт
673;289;26;3.0;шт
674;290;9;1.0;шт
675;290;6;1.9;кг
676;290;15;1.0;шт
677;291;6;0.6;кг
678;291;7;0.3;кг
679;294;6;0.5;кг
680;294;7;0.2;кг
681;295;27;6.0;шт
682;295;26;4.0;шт
683;296;29;12.7;м
684;296;35;4.0;шт
685;296;34;2.0;шт
686;297;6;0.5;кг
687;297;7;0.3;кг
688;298;6;0.5;кг
689;298;7;0.2;кг
690;299;6;0.4;кг
691;299;7;0.3;кг
692;301;11;2.0;шт
693;301;35;3.0;шт
694;301;34;1.0;шт
695;302;11;2.0;шт
696;302;35;3.0;шт
697;302;34;1.0;шт
698;303;25;7.0;шт
699;303;26;8.0;шт
700;303;6;0.4;кг
701;304;29;14.2;м
702;304;35;4.0;шт
703;304;34;2.0;шт
704;305;6;0.6;кг
705;305;7;0.2;кг
706;307;32;4.0;шт
707;307;28;5.4;м
708;308;6;1.1;кг
709;308;7;0.7;кг
710;309;31;1.0;шт
711;309;30;1.0;шт
712;310;32;3.0;шт
713;310;28;4.6;м
714;311;3;14.0;л
715;311;10;2.0;шт
716;311;18;0.3;кг
717;312;4;30.7;л
718;312;20;2.0;шт
719;313;3;10.2;л
720;313;10;2.0;шт
721;313;18;0.3;кг
722;314;36;1.7;кг
723;314;37;14.3;кг
724;315;21;5.8;м
725;315;23;1.6;кг
726;315;22;2.0;шт
727;316;6;0.5;кг
728;316;7;0.3;кг
729;317;6;1.2;кг
730;317;7;0.7;кг
731;318;27;7.0;шт
732;318;26;4.0;шт
733;319;11;3.0;шт
734;319;35;3.0;шт
735;319;34;1.0;шт
736;320;11;2.0;шт
737;320;35;3.0;шт
738;320;34;1.0;шт
739;321;6;2.0;кг
740;321;2;5.7;л
741;322;31;1.0;шт
742;322;30;1.0;шт
743;323;27;6.0;шт
744;323;26;3.0;шт
745;324;6;0.5;кг
746;324;7;0.5;кг
747;325;25;7.0;шт
748;325;26;7.0;шт
749;325;6;0.5;кг
750;326;27;5.0;шт
751;326;26;3.0;шт
752;327;9;1.0;шт
753;327;6;0.7;кг
754;327;15;1.0;шт
755;328;21;5.2;м
756;328;23;2.0;кг
757;328;22;2.0;шт
758;329;31;1.0;шт
759;329;30;1.0;шт
760;330;25;8.0;шт
761;330;26;8.0;шт
762;330;6;0.8;кг
763;332;9;1.0;шт
764;332;6;1.9;кг
765;332;15;1.0;шт
766;333;6;0.4;кг
767;333;7;0.3;кг
768;335;9;1.0;шт
769;335;6;1.3;кг
770;335;15;1.0;шт
771;336;3;11.8;л
772;336;10;2.0;шт
773;336;18;0.3;кг
774;337;1;1.4;л
775;337;14;1.0;шт
776;337;19;1.0;шт
777;338;31;1.0;шт
778;338;30;1.0;шт
779;339;6;0.5;кг
780;339;7;0.3;кг
781;340;39;4.0;шт
782;340;16;2.0;шт
783;341;25;9.0;шт
784;341;26;10.0;шт
785;341;6;0.5;кг
786;342;27;6.0;шт
787;342;26;4.0;шт
788;343;6;0.5;кг
789;343;7;0.3;кг
790;344;32;3.0;шт
791;344;28;4.5;м
792;345;3;23.9;л
793;345;18;0.2;кг
794;346;33;1.0;шт
795;346;28;2.5;м
796;347;6;2.2;кг
797;347;2;5.8;л
798;348;1;1.7;л
799;348;14;1.0;шт
800;348;19;1.0;шт
801;349;25;8.0;шт
802;349;26;9.0;шт
803;349;6;0.4;кг
804;350;6;0.5;кг
805;350;7;0.3;кг
806;351;9;1.0;шт
807;351;6;0.7;кг
808;351;15;1.0;шт
809;352;29;16.7;м
810;352;35;4.0;шт
811;352;34;2.0;шт
812;353;1;1.2;л
813;353;14;1.0;шт
814;353;19;1.0;шт
815;354;6;0.6;кг
816;354;7;0.3;кг
817;356;32;3.0;шт
818;356;28;5.5;м
819;357;3;10.0;л
820;357;10;2.0;шт
821;357;18;0.3;кг
822;358;31;1.0;шт
823;358;30;1.0;шт
824;359;11;2.0;шт
825;359;35;3.0;шт
826;359;34;1.0;шт
827;360;6;0.4;кг
828;360;7;0.3;кг
829;361;6;0.5;кг
830;361;7;0.3;кг
831;362;4;17.7;л
832;362;20;1.0;шт
833;362;16;5.0;шт
834;363;11;3.0;шт
835;363;35;3.0;шт
836;363;34;1.0;шт
837;364;25;9.0;шт
838;364;26;7.0;шт
839;364;6;0.6;кг
840;365;6;0.6;кг
841;365;7;0.3;кг
842;366;6;1.0;кг
843;366;7;0.7;кг
844;367;6;1.1;кг
845;367;7;0.6;кг
846;368;6;3.5;кг
847;368;2;6.0;л
848;369;11;2.0;шт
849;369;35;3.0;шт
850;369;34;1.0;шт
851;370;11;2.0;шт
852;370;35;4.0;шт
853;370;34;1.0;шт
854;371;9;1.0;шт
855;371;6;1.0;кг
856;371;15;1.0;шт
857;372;9;1.0;шт
858;372;6;0.8;кг
859;372;15;1.0;шт
860;373;6;1.2;кг
861;373;7;0.7;кг
862;374;3;25.9;л
863;374;10;4.0;шт
864;374;18;0.3;кг
865;375;6;1.1;кг
866;375;7;0.7;кг
867;376;4;72.8;л
868;376;20;2.0;шт
869;377;9;1.0;шт
870;377;6;0.7;кг
871;377;15;1.0;шт
872;378;6;0.6;кг
873;378;7;0.4;кг
874;379;6;0.5;кг
875;379;7;0.3;кг
876;380;6;1.0;кг
877;380;7;0.6;кг
878;381;6;0.5;кг
879;381;7;0.3;кг
880;382;6;0.5;кг
881;382;7;0.3;кг
882;384;6;1.0;кг
883;384;7;0.7;кг
884;385;9;1.0;шт
885;385;6;0.6;кг
886;385;15;1.0;шт
887;386;27;5.0;шт
888;386;26;4.0;шт
889;387;36;2.4;кг
890;387;37;14.0;кг
891;390;6;0.4;кг
892;390;7;0.3;кг
893;391;27;7.0;шт
894;391;26;4.0;шт
895;392;6;1.2;кг
896;392;7;0.6;кг
897;393;11;2.0;шт
898;393;35;3.0;шт
899;393;34;1.0;шт
900;394;9;1.0;шт
901;394;6;0.7;кг
902;394;15;1.0;шт
903;395;6;0.5;кг
904;395;7;0.5;кг
905;396;27;6.0;шт
906;396;26;4.0;шт
907;397;31;1.0;шт
908;397;30;1.0;шт
909;398;32;3.0;шт
910;398;28;4.4;м
911;399;6;2.1;кг
912;399;2;9.6;л
913;400;29;12.2;м
914;400;35;5.0;шт
915;400;34;2.0;шт
916;401;33;1.0;шт
917;401;28;2.7;м
918;402;4;23.2;л
919;402;20;1.0;шт
920;402;16;4.0;шт
921;403;6;0.5;кг
922;403;7;0.4;кг
923;404;6;0.6;кг
924;404;7;0.3;кг
925;405;25;8.0;шт
926;405;26;7.0;шт
927;405;6;0.5;кг
928;406;27;5.0;шт
929;406;26;8.0;шт
930;407;6;0.4;кг
931;407;7;0.3;кг
932;408;6;0.6;кг
933;408;7;0.3;кг
934;409;9;1.0;шт
935;409;6;0.7;кг
936;409;15;1.0;шт
937;410;1;1.5;л
938;410;14;1.0;шт
939;410;19;1.0;шт
940;411;3;10.8;л
941;411;18;0.2;кг
942;412;32;3.0;шт
943;412;28;4.7;м
944;413;9;1.0;шт
945;413;6;0.7;кг
946;413;15;1.0;шт
947;416;1;1.3;л
948;416;14;1.0;шт
949;416;19;1.0;шт
950;417;9;1.0;шт
951;417;6;0.7;кг
952;417;15;1.0;шт
953;418;21;6.9;м
954;418;23;1.7;кг
955;418;22;2.0;шт
956;419;9;1.0;шт
957;419;6;0.7;кг
958;419;15;1.0;шт
959;420;6;0.4;кг
960;420;7;0.3;кг
961;421;25;10.0;шт
962;421;26;8.0;шт
963;421;6;0.5;кг
964;422;27;6.0;шт
965;422;26;5.0;шт
966;423;1;1.3;л
967;423;14;1.0;шт
968;423;19;1.0;шт
969;424;36;2.0;кг
970;424;37;12.9;кг
971;425;6;0.5;кг
972;425;7;0.3;кг
973;426;6;0.4;кг
974;426;7;0.3;кг
975;427;31;1.0;шт
976;427;30;1.0;шт
977;428;36;1.8;кг
978;428;37;27.5;кг
979;429;1;1.2;л
980;429;14;1.0;шт
981;429;19;1.0;шт
982;430;9;1.0;шт
983;430;6;0.7;кг
984;430;15;1.0;шт
985;431;27;7.0;шт
986;431;26;4.0;шт
987;432;4;31.8;л
988;432;20;2.0;шт
989;433;6;0.5;кг
990;433;7;0.2;кг
991;434;6;0.8;кг
992;434;7;0.3;кг
993;435;9;1.0;шт
994;435;6;0.8;кг
995;435;15;1.0;шт
996;436;9;1.0;шт
997;436;6;0.9;кг
998;436;15;1.0;шт
999;438;39;3.0;шт
1000;438;16;2.0;шт
1001;439;25;7.0;шт
1002;439;26;9.0;шт
1003;439;6;0.4;кг
1004;440;3;14.0;л
1005;440;10;2.0;шт
1006;440;18;0.4;кг
1007;441;27;5.0;шт
1008;441;26;4.0;шт
1009;442;6;1.1;кг
1010;442;7;0.7;кг
1011;443;9;1.0;шт
1012;443;6;0.9;кг
1013;443;15;1.0;шт
1014;444;21;4.9;м
1015;444;23;2.2;кг
1016;444;22;2.0;шт
1017;445;6;0.6;кг
1018;445;7;0.2;кг
1019;446;6;1.1;кг
1020;446;7;0.7;кг
1021;447;6;2.1;кг
1022;447;2;5.6;л
1023;448;3;13.8;л
1024;448;10;2.0;шт
1025;448;18;0.4;кг
1026;449;31;1.0;шт
1027;449;30;1.0;шт
1028;450;4;35.7;л
1029;450;20;2.0;шт
1030;451;6;0.5;кг
1031;451;7;0.3;кг
1032;452;9;1.0;шт
1033;452;6;0.7;кг
1034;452;15;1.0;шт
1035;453;4;45.0;л
1036;453;20;1.0;шт
1037;453;16;4.0;шт
1038;454;25;9.0;шт
1039;454;26;9.0;шт
1040;454;6;0.4;кг
1041;455;29;15.3;м
1042;455;35;6.0;шт
1043;455;34;2.0;шт
1044;456;6;0.4;кг
1045;456;7;0.3;кг
1046;457;31;1.0;шт
1047;457;30;1.0;шт
1048;458;27;6.0;шт
1049;458;26;4.0;шт
1050;459;9;1.0;шт
1051;459;6;0.9;кг
1052;459;15;1.0;шт
1053;460;6;1.2;кг
1054;460;7;0.7;кг
1055;461;9;1.0;шт
1056;461;6;0.7;кг
1057;461;15;1.0;шт
1058;462;21;5.4;м
1059;462;23;2.2;кг
1060;462;22;2.0;шт
1061;463;9;1.0;шт
1062;463;6;1.7;кг
1063;463;15;1.0;шт
1064;464;27;5.0;шт
1065;464;26;3.0;шт
1066;465;11;2.0;шт
1067;465;35;3.0;шт
1068;465;34;1.0;шт
1069;466;25;8.0;шт
1070;466;26;7.0;шт
1071;466;6;0.6;кг
1072;467;6;0.6;кг
1073;467;7;0.2;кг
1074;468;6;0.5;кг
1075;468;7;0.3;кг
1076;469;9;1.0;шт
1077;469;6;1.0;кг
1078;469;15;1.0;шт
1079;471;3;14.4;л
1080;471;10;2.0;шт
1081;471;18;0.3;кг
1082;473;21;6.3;м
1083;473;23;1.8;кг
1084;473;22;2.0;шт
1085;474;33;2.0;шт
1086;474;28;3.2;м
1087;475;6;1.0;кг
1088;475;7;0.6;кг
1089;476;11;2.0;шт
1090;476;35;3.0;шт
1091;476;34;1.0;шт
1092;477;6;1.2;кг
1093;477;7;0.7;кг
1094;478;9;1.0;шт
1095;478;6;0.9;кг
1096;478;15;1.0;шт
1097;479;11;2.0;шт
1098;479;35;3.0;шт
1099;479;34;2.0;шт
1100;480;9;1.0;шт
1101;480;6;0.8;кг
1102;480;15;1.0;шт
1103;481;25;7.0;шт
1104;481;26;7.0;шт
1105;481;6;0.5;кг
1106;482;9;1.0;шт
1107;482;6;0.9;кг
1108;482;15;1.0;шт
1109;483;3;12.0;л
1110;483;18;0.2;кг
1111;484;25;9.0;шт
1112;484;26;13.0;шт
1113;484;6;0.4;кг
1114;485;9;1.0;шт
1115;485;6;0.9;кг
1116;485;15;1.0;шт
1117;486;9;1.0;шт
1118;486;6;0.7;кг
1119;486;15;1.0;шт
1120;487;6;1.7;кг
1121;487;2;5.9;л
1122;488;39;3.0;шт
1123;488;16;2.0;шт
1124;489;39;3.0;шт
1125;489;16;2.0;шт
1126;490;32;3.0;шт
1127;490;28;5.0;м
1128;491;6;0.5;кг
1129;491;7;0.3;кг
1130;492;6;0.5;кг
1131;492;7;0.3;кг
1132;493;6;0.5;кг
1133;493;7;0.3;кг
1134;495;39;3.0;шт
1135;495;16;4.0;шт
1136;496;21;6.5;м
1137;496;23;2.2;кг
1138;496;22;2.0;шт
1139;497;9;1.0;шт
1140;497;6;0.7;кг
1141;497;15;1.0;шт
1142;498;3;11.2;л
1143;498;10;2.0;шт
1144;498;18;0.3;кг
1145;499;9;2.0;шт
1146;499;6;0.9;кг
1147;499;15;1.0;шт
1148;500;6;0.4;кг
1149;500;7;0.3;кг
1150;501;6;0.5;кг
1151;501;7;0.3;кг
1152;502;6;1.1;кг
1153;502;7;0.6;кг
1154;503;27;5.0;шт
1155;503;26;4.0;шт
1156;504;11;2.0;шт
1157;504;35;3.0;шт
1158;504;34;1.0;шт
1159;505;9;1.0;шт
1160;505;6;0.9;кг
1161;505;15;1.0;шт
1162;506;31;1.0;шт
1163;506;30;1.0;шт
1164;507;11;2.0;шт
1165;507;35;3.0;шт
1166;507;34;1.0;шт
1167;508;38;1.0;шт
1168;508;39;4.0;шт
1169;509;11;2.0;шт
1170;509;35;3.0;шт
1171;509;34;1.0;шт
1172;510;6;0.4;кг
1173;510;7;0.3;кг
1174;511;9;1.0;шт
1175;511;6;0.7;кг
1176;511;15;1.0;шт
1177;512;6;0.4;кг
1178;512;7;0.3;кг
1179;513;6;0.5;кг
1180;513;7;0.3;кг
1181;514;6;1.0;кг
1182;514;7;0.6;кг
1183;515;4;66.8;л
1184;515;20;2.0;шт
1185;516;6;0.5;кг
1186;516;7;0.3;кг
1187;517;9;1.0;шт
1188;517;6;0.8;кг
1189;517;15;1.0;шт
1190;518;31;1.0;шт
1191;518;30;1.0;шт
1192;519;6;1.2;кг
1193;519;7;0.7;кг
1194;520;38;1.0;шт
1195;520;39;2.0;шт
1196;522;1;1.4;л
1197;522;14;1.0;шт
1198;522;19;1.0;шт
1199;523;9;1.0;шт
1200;523;6;1.8;кг
1201;523;15;1.0;шт
1202;524;6;0.6;кг
1203;524;7;0.3;кг
1204;525;6;0.5;кг
1205;525;7;0.3;кг
1206;527;1;1.6;л
1207;527;14;1.0;шт
1208;527;19;1.0;шт
1209;528;9;1.0;шт
1210;528;6;0.9;кг
1211;528;15;1.0;шт
1212;529;39;2.0;шт
1213;529;16;2.0;шт
1214;530;11;2.0;шт
1215;530;35;5.0;шт
1216;530;34;1.0;шт
1217;531;9;2.0;шт
1218;531;6;0.8;кг
1219;531;15;1.0;шт
1220;532;6;1.0;кг
1221;532;7;0.7;кг
1222;533;6;0.5;кг
1223;533;7;0.3;кг
1224;534;32;3.0;шт
1225;534;28;5.9;м
1226;535;25;8.0;шт
1227;535;26;8.0;шт
1228;535;6;0.5;кг
1229;536;32;3.0;шт
1230;536;28;5.3;м
1231;537;4;17.8;л
1232;537;20;1.0;шт
1233;537;16;4.0;шт
1234;538;38;1.0;шт
1235;538;39;2.0;шт
1236;539;6;0.5;кг
1237;539;7;0.3;кг
1238;540;27;7.0;шт
1239;540;26;5.0;шт
1240;541;25;8.0;шт
1241;541;26;10.0;шт
1242;541;6;0.9;кг
1243;542;9;2.0;шт
1244;542;6;0.8;кг
1245;542;15;1.0;шт
1246;543;4;42.0;л
1247;543;20;1.0;шт
1248;543;16;4.0;шт
1249;544;6;0.6;кг
1250;544;7;0.3;кг
1251;545;21;6.8;м
1252;545;23;1.8;кг
1253;545;22;2.0;шт
1254;546;9;1.0;шт
1255;546;6;0.7;кг
1256;546;15;1.0;шт
1257;547;29;16.2;м
1258;547;35;4.0;шт
1259;547;34;2.0;шт
1260;548;6;1.1;кг
1261;548;7;0.7;кг
1262;550;25;7.0;шт
1263;550;26;8.0;шт
1264;550;6;1.2;кг
1265;551;16;4.0;шт
1266;551;6;0.2;кг
1267;552;11;2.0;шт
1268;552;35;3.0;шт
1269;552;34;1.0;шт
1270;553;31;1.0;шт
1271;553;30;1.0;шт
1272;554;6;0.5;кг
1273;554;7;0.3;кг
1274;555;6;0.6;кг
1275;562;31;2.0;шт
