id;name;unit;category;external_id
1;Масло индустриальное И-40А;л;смазочные;MAT-001
2;Масло индустриальное И-20А;л;смазочные;MAT-002
3;Масло трансмиссионное ТАп-15В;л;смазочные;MAT-003
4;Масло гидравлическое ВМГЗ;л;смазочные;MAT-004
5;Масло компрессорное КС-19;л;смазочные;MAT-005
6;Смазка Литол-24;кг;смазочные;MAT-006
7;Смазка Солидол Ж;кг;смазочные;MAT-007
8;Смазка графитная;кг;смазочные;MAT-008
9;Подшипник 22220;шт;подшипники;MAT-009
10;Подшипник 3622;шт;подшипники;MAT-010
11;Подшипник 6312;шт;подшипники;MAT-011
12;Подшипник 22328;шт;подшипники;MAT-012
13;Подшипник 1318;шт;подшипники;MAT-013
14;Манжета армированная 50×70;шт;уплотнения;MAT-014
15;Манжета армированная 100×125;шт;уплотнения;MAT-015
16;Кольцо уплотнительное 040-045;шт;уплотнения;MAT-016
17;Набивка сальниковая АП-31;кг;уплотнения;MAT-017
18;Паронит ПОН 2 мм;кг;уплотнения;MAT-018
19;"Рукав высокого давления 1/2"" L=1000";шт;гидравлика;MAT-019
20;Фильтроэлемент гидравлический;шт;гидравлика;MAT-020
21;Лента конвейерная 1200 мм;м;конвейер;MAT-021
22;Ролик конвейерный 133×465;шт;конвейер;MAT-022
23;Клей для стыковки лент;кг;конвейер;MAT-023
24;Футеровка резиновая барабана;м²;конвейер;MAT-024
25;Болт М20×80;шт;крепёж;MAT-025
26;Гайка М20;шт;крепёж;MAT-026
27;Болт М16×60;шт;крепёж;MAT-027
28;Кабель ВВГ 3×2,5;м;электрика;MAT-028
29;Кабель КГ 3×16;м;электрика;MAT-029
30;Автоматический выключатель ВА47-63;шт;электрика;MAT-030
31;Контактор КМИ-32;шт;электрика;MAT-031
32;Предохранитель ПН2-250;шт;электрика;MAT-032
33;Датчик индуктивный;шт;электрика;MAT-033
34;Изолента ПВХ;шт;электрика;MAT-034
35;Наконечник кабельный ТМ-16;шт;электрика;MAT-035
36;Электроды УОНИ-13/55;кг;сварка;MAT-036
37;Лист стальной 10 мм;кг;сварка;MAT-037
38;Пневмораспределитель 5/2;шт;пневматика;MAT-038
39;Фитинг пневматический;шт;пневматика;MAT-039
40;Ремень клиновой Б-2000;шт;привод;MAT-040
