id;time_norm_id;material_id;quantity
1;1;25;8.0
2;1;26;8.0
3;1;6;0.5
4;2;9;1.0
5;2;6;0.8
6;2;15;1.0
7;3;21;6.0
8;3;23;2.0
9;3;22;2.0
10;4;3;12.0
11;4;10;2.0
12;4;18;0.3
13;5;36;2.0
14;5;37;15.0
15;6;27;6.0
16;6;26;4.0
17;7;11;2.0
18;7;35;3.0
19;7;34;1.0
20;8;31;1.0
21;8;30;1.0
22;9;29;15.0
23;9;35;4.0
24;9;34;2.0
25;10;32;3.0
26;10;28;5.0
27;11;33;1.0
28;11;28;3.0
29;12;4;20.0
30;12;20;1.0
31;12;16;4.0
32;13;1;1.5
33;13;14;1.0
34;13;19;1.0
35;14;4;30.0
36;14;20;2.0
37;15;39;3.0
38;15;16;2.0
39;16;16;4.0
40;16;6;0.2
41;17;38;1.0
42;17;39;2.0
43;18;6;2.0
44;18;2;5.0
45;19;6;0.5
46;19;7;0.3
47;20;3;10.0
48;20;18;0.2
